{
  "type": "linear",
  "coefs": [0.0005, 0.05, 0.00005, 0.02, 0.000005, 0.02, 0.2],
  "intercept": 0.0,
  "score_min": 0.0,
  "score_max": 10.0
}
